{"cameraMode":{"drawMode":0,"name":"Shaded","section":"Shading Mode"},"sceneLighting":false,"audioPlay":false,"sceneViewState":{"showFog":true,"showMaterialUpdate":false,"showSkybox":true,"showFlares":true,"showImageEffects":true,"showParticleSystems":true},"in2DMode":false,"pivot":{"x":214.78030395507813,"y":1.95791494846344,"z":7.7020487785339359},"rotation":{"x":-0.1773015260696411,"y":-0.4825436472892761,"z":0.10043665021657944,"w":-0.8518389463424683},"size":2.431119441986084,"orthographic":false}