{"cameraMode":{"drawMode":0,"name":"Shaded","section":"Shading Mode"},"sceneLighting":false,"audioPlay":false,"sceneViewState":{"showFog":true,"showMaterialUpdate":false,"showSkybox":true,"showFlares":true,"showImageEffects":true,"showParticleSystems":true},"in2DMode":false,"pivot":{"x":215.1498565673828,"y":1.7845993041992188,"z":7.168899059295654},"rotation":{"x":0.27389541268348696,"y":0.48675665259361269,"z":-0.16396857798099519,"w":0.8131266832351685},"size":2.1908743381500246,"orthographic":false}