{"cameraMode":{"drawMode":0,"name":"Shaded","section":"Shading Mode"},"sceneLighting":false,"audioPlay":false,"sceneViewState":{"showFog":true,"showMaterialUpdate":false,"showSkybox":true,"showFlares":true,"showImageEffects":true,"showParticleSystems":true},"in2DMode":false,"pivot":{"x":126.47257232666016,"y":1.0772569179534913,"z":-16.192359924316408},"rotation":{"x":0.0016287772450596095,"y":-0.9982466697692871,"z":0.030253222212195398,"w":0.05189478397369385},"size":16.319766998291017,"orthographic":false}