{"cameraMode":{"drawMode":0,"name":"Shaded","section":"Shading Mode"},"sceneLighting":false,"audioPlay":false,"sceneViewState":{"showFog":true,"showMaterialUpdate":false,"showSkybox":true,"showFlares":true,"showImageEffects":true,"showParticleSystems":true},"in2DMode":false,"pivot":{"x":72.05555725097656,"y":2.2671210765838625,"z":-86.48090362548828},"rotation":{"x":0.015989670529961587,"y":-0.9197831153869629,"z":0.03752636909484863,"w":0.39043885469436648},"size":0.11660800874233246,"orthographic":false}