{"cameraMode":{"drawMode":0,"name":"Shaded","section":"Shading Mode"},"sceneLighting":false,"audioPlay":false,"sceneViewState":{"showFog":true,"showMaterialUpdate":false,"showSkybox":false,"showFlares":true,"showImageEffects":true,"showParticleSystems":true},"in2DMode":false,"pivot":{"x":1.4564306735992432,"y":1.6925045251846314,"z":-1.0914782285690308},"rotation":{"x":0.14748695492744447,"y":0.32622188329696658,"z":-0.051608774811029437,"w":0.9322870373725891},"size":1.1578580141067505,"orthographic":false}