{"cameraMode":{"drawMode":0,"name":"Shaded","section":"Shading Mode"},"sceneLighting":false,"audioPlay":false,"sceneViewState":{"showFog":true,"showMaterialUpdate":false,"showSkybox":true,"showFlares":true,"showImageEffects":true,"showParticleSystems":true},"in2DMode":false,"pivot":{"x":130.10467529296876,"y":2.6846375465393068,"z":6.652843475341797},"rotation":{"x":0.1747029572725296,"y":-0.14676102995872498,"z":0.026332005858421327,"w":0.9733138084411621},"size":1.5804425477981568,"orthographic":false}