{"cameraMode":{"drawMode":0,"name":"Shaded","section":"Shading Mode"},"sceneLighting":false,"audioPlay":false,"sceneViewState":{"showFog":true,"showMaterialUpdate":false,"showSkybox":false,"showFlares":true,"showImageEffects":true,"showParticleSystems":true},"in2DMode":false,"pivot":{"x":-8.472161293029786,"y":2.046579360961914,"z":5.705622673034668},"rotation":{"x":0.13534092903137208,"y":0.7253114581108093,"z":-0.14844584465026856,"w":0.6588156223297119},"size":0.44709330797195437,"orthographic":false}