{"cameraMode":{"drawMode":0,"name":"Shaded","section":"Shading Mode"},"sceneLighting":false,"audioPlay":false,"sceneViewState":{"showFog":true,"showMaterialUpdate":false,"showSkybox":true,"showFlares":true,"showImageEffects":true,"showParticleSystems":true},"in2DMode":false,"pivot":{"x":201.95004272460938,"y":8.119636535644532,"z":113.81723022460938},"rotation":{"x":-0.032208096235990527,"y":-0.21750254929065705,"z":0.007168592885136604,"w":-0.9755741953849793},"size":172.07228088378907,"orthographic":false}