{"cameraMode":{"drawMode":0,"name":"Shaded","section":"Shading Mode"},"sceneLighting":false,"audioPlay":false,"sceneViewState":{"showFog":true,"showMaterialUpdate":false,"showSkybox":true,"showFlares":true,"showImageEffects":true,"showParticleSystems":true},"in2DMode":false,"pivot":{"x":15.044231414794922,"y":4.390019416809082,"z":-53.27480697631836},"rotation":{"x":-0.29045456647872927,"y":0.5773349404335022,"z":-0.2304220050573349,"w":-0.72754967212677},"size":10.335661888122559,"orthographic":false}