{"cameraMode":{"drawMode":0,"name":"Shaded","section":"Shading Mode"},"sceneLighting":false,"audioPlay":false,"sceneViewState":{"showFog":true,"showMaterialUpdate":false,"showSkybox":true,"showFlares":true,"showImageEffects":true,"showParticleSystems":true},"in2DMode":false,"pivot":{"x":215.01625061035157,"y":1.957916259765625,"z":7.252170562744141},"rotation":{"x":-0.17129172384738923,"y":-0.5302885174751282,"z":0.11037422716617584,"w":-0.8229649066925049},"size":2.431119441986084,"orthographic":false}