{"cameraMode":{"drawMode":0,"name":"Shaded","section":"Shading Mode"},"sceneLighting":false,"audioPlay":false,"sceneViewState":{"showFog":true,"showMaterialUpdate":false,"showSkybox":false,"showFlares":true,"showImageEffects":true,"showParticleSystems":true},"in2DMode":false,"pivot":{"x":-5.993537425994873,"y":3.1993255615234377,"z":-3.1159584522247316},"rotation":{"x":-0.18389905989170075,"y":-0.6070595979690552,"z":0.1470128297805786,"w":-0.7593174576759338},"size":0.000017320508050033823,"orthographic":false}