{"cameraMode":{"drawMode":0,"name":"Shaded","section":"Shading Mode"},"sceneLighting":false,"audioPlay":false,"sceneViewState":{"showFog":true,"showMaterialUpdate":false,"showSkybox":true,"showFlares":true,"showImageEffects":true,"showParticleSystems":true},"in2DMode":false,"pivot":{"x":335.1528625488281,"y":8.757766723632813,"z":47.99428176879883},"rotation":{"x":0.12731344997882844,"y":-0.33338892459869387,"z":0.0454750619828701,"w":0.933096170425415},"size":1.5856555700302125,"orthographic":false}