{"cameraMode":{"drawMode":0,"name":"Shaded","section":"Shading Mode"},"sceneLighting":false,"audioPlay":false,"sceneViewState":{"showFog":true,"showMaterialUpdate":false,"showSkybox":true,"showFlares":true,"showImageEffects":true,"showParticleSystems":true},"in2DMode":false,"pivot":{"x":60.78549575805664,"y":-23.529638290405275,"z":-58.37089920043945},"rotation":{"x":0.05274141579866409,"y":-0.9465746879577637,"z":0.20472103357315064,"w":0.24375514686107636},"size":55.35106658935547,"orthographic":false}