{"cameraMode":{"drawMode":0,"name":"Shaded","section":"Shading Mode"},"sceneLighting":false,"audioPlay":false,"sceneViewState":{"showFog":true,"showMaterialUpdate":false,"showSkybox":true,"showFlares":true,"showImageEffects":true,"showParticleSystems":true},"in2DMode":false,"pivot":{"x":85.81497955322266,"y":2.9939768314361574,"z":9.54699993133545},"rotation":{"x":-0.06911744177341461,"y":-0.9225255846977234,"z":0.19574865698814393,"w":-0.32553884387016299},"size":2.4228098392486574,"orthographic":false}