{"cameraMode":{"drawMode":0,"name":"Shaded","section":"Shading Mode"},"sceneLighting":false,"audioPlay":false,"sceneViewState":{"showFog":true,"showMaterialUpdate":false,"showSkybox":true,"showFlares":true,"showImageEffects":true,"showParticleSystems":true},"in2DMode":false,"pivot":{"x":126.30433654785156,"y":2.67861008644104,"z":7.057830810546875},"rotation":{"x":0.0016287772450596095,"y":-0.9982466697692871,"z":0.030253222212195398,"w":0.05189478397369385},"size":18.186532974243165,"orthographic":false}