{"cameraMode":{"drawMode":0,"name":"Shaded","section":"Shading Mode"},"sceneLighting":true,"audioPlay":false,"sceneViewState":{"showFog":true,"showMaterialUpdate":false,"showSkybox":false,"showFlares":true,"showImageEffects":true,"showParticleSystems":true},"in2DMode":false,"pivot":{"x":-6.797749996185303,"y":2.2893123626708986,"z":14.159756660461426},"rotation":{"x":-0.04841535538434982,"y":-0.8608381152153015,"z":0.08341646939516068,"w":-0.4996556043624878},"size":1.109548568725586,"orthographic":false}