{"cameraMode":{"drawMode":0,"name":"Shaded","section":"Shading Mode"},"sceneLighting":false,"audioPlay":false,"sceneViewState":{"showFog":true,"showMaterialUpdate":false,"showSkybox":true,"showFlares":true,"showImageEffects":true,"showParticleSystems":true},"in2DMode":false,"pivot":{"x":14.338993072509766,"y":7.985770225524902,"z":-45.89972686767578},"rotation":{"x":-0.18641555309295655,"y":0.690190851688385,"z":-0.1911972165107727,"w":-0.672630786895752},"size":10.335661888122559,"orthographic":false}