{"cameraMode":{"drawMode":0,"name":"Shaded","section":"Shading Mode"},"sceneLighting":false,"audioPlay":false,"sceneViewState":{"showFog":true,"showMaterialUpdate":false,"showSkybox":true,"showFlares":true,"showImageEffects":true,"showParticleSystems":true},"in2DMode":false,"pivot":{"x":162.6778564453125,"y":9.233924865722657,"z":12.669344902038575},"rotation":{"x":0.048697035759687427,"y":-0.6810640692710877,"z":-0.045366134494543079,"w":-0.7292582988739014},"size":10.335661888122559,"orthographic":false}