{"cameraMode":{"drawMode":0,"name":"Shaded","section":"Shading Mode"},"sceneLighting":false,"audioPlay":false,"sceneViewState":{"showFog":true,"showMaterialUpdate":false,"showSkybox":false,"showFlares":true,"showImageEffects":true,"showParticleSystems":true},"in2DMode":false,"pivot":{"x":-0.0017576697282493115,"y":-0.0362125039100647,"z":-0.06259709596633911},"rotation":{"x":-0.0007936808979138732,"y":-0.9980750679969788,"z":0.06086969003081322,"w":-0.014625003561377526},"size":0.39464253187179568,"orthographic":false}