{"cameraMode":{"drawMode":0,"name":"Shaded","section":"Shading Mode"},"sceneLighting":false,"audioPlay":false,"sceneViewState":{"showFog":true,"showMaterialUpdate":false,"showSkybox":true,"showFlares":true,"showImageEffects":true,"showParticleSystems":true},"in2DMode":false,"pivot":{"x":836.1029663085938,"y":582.1539306640625,"z":117.50335693359375},"rotation":{"x":-0.15495586395263673,"y":0.8179325461387634,"z":-0.258681982755661,"w":-0.4899584650993347},"size":17.393207550048829,"orthographic":false}