{"cameraMode":{"drawMode":0,"name":"Shaded","section":"Shading Mode"},"sceneLighting":false,"audioPlay":false,"sceneViewState":{"showFog":true,"showMaterialUpdate":false,"showSkybox":true,"showFlares":true,"showImageEffects":true,"showParticleSystems":true},"in2DMode":false,"pivot":{"x":88.52397155761719,"y":0.9361658096313477,"z":9.81525707244873},"rotation":{"x":-0.06911744177341461,"y":-0.9225255846977234,"z":0.19574865698814393,"w":-0.32553884387016299},"size":10.0,"orthographic":false}