{"cameraMode":{"drawMode":0,"name":"Shaded","section":"Shading Mode"},"sceneLighting":false,"audioPlay":false,"sceneViewState":{"showFog":true,"showMaterialUpdate":false,"showSkybox":true,"showFlares":true,"showImageEffects":true,"showParticleSystems":true},"in2DMode":false,"pivot":{"x":87.25807189941406,"y":44.521820068359378,"z":-32.98265075683594},"rotation":{"x":0.23911461234092713,"y":0.18747203052043916,"z":-0.04646415635943413,"w":0.9518123269081116},"size":57.6383056640625,"orthographic":false}