{"cameraMode":{"drawMode":0,"name":"Shaded","section":"Shading Mode"},"sceneLighting":false,"audioPlay":false,"sceneViewState":{"showFog":true,"showMaterialUpdate":false,"showSkybox":true,"showFlares":true,"showImageEffects":true,"showParticleSystems":true},"in2DMode":false,"pivot":{"x":-7.776589870452881,"y":152.49853515625,"z":-67.8299331665039},"rotation":{"x":0.33449721336364748,"y":0.3375277817249298,"z":-0.12968206405639649,"w":0.8703481554985046},"size":1.6536273956298829,"orthographic":false}