{"cameraMode":{"drawMode":0,"name":"Shaded","section":"Shading Mode"},"sceneLighting":false,"audioPlay":false,"sceneViewState":{"showFog":true,"showMaterialUpdate":false,"showSkybox":true,"showFlares":true,"showImageEffects":true,"showParticleSystems":true},"in2DMode":false,"pivot":{"x":99.94297790527344,"y":1.8026670217514039,"z":-13.498018264770508},"rotation":{"x":-0.1773015260696411,"y":-0.4825436472892761,"z":0.10043665021657944,"w":-0.8518389463424683},"size":3.618041753768921,"orthographic":false}