{"cameraMode":{"drawMode":0,"name":"Shaded","section":"Shading Mode"},"sceneLighting":false,"audioPlay":false,"sceneViewState":{"showFog":true,"showMaterialUpdate":false,"showSkybox":true,"showFlares":true,"showImageEffects":true,"showParticleSystems":true},"in2DMode":false,"pivot":{"x":333.9754943847656,"y":7.162994861602783,"z":45.82090759277344},"rotation":{"x":0.01980576105415821,"y":-0.9748932719230652,"z":0.09653331339359284,"w":0.19989843666553498},"size":1.585655689239502,"orthographic":false}