{"cameraMode":{"drawMode":0,"name":"Shaded","section":"Shading Mode"},"sceneLighting":false,"audioPlay":false,"sceneViewState":{"showFog":true,"showMaterialUpdate":false,"showSkybox":true,"showFlares":true,"showImageEffects":true,"showParticleSystems":true},"in2DMode":false,"pivot":{"x":135.6593017578125,"y":5.218856334686279,"z":-0.7675223350524902},"rotation":{"x":-0.16575539112091065,"y":0.4959387481212616,"z":-0.09693475812673569,"w":-0.8469132781028748},"size":1.285283088684082,"orthographic":false}